GuidShiftSheet;ShiftSheetName;GuidShiftSheetGroup;ShiftSheetGroupName;GuidShiftSheetGroupItem;ShiftSheetGroupItemName
1afa2d9d-f548-4f9d-ba55-b13c01613d97;Ziekenwagen Geel;e3f630c5-f051-4d50-a8f8-b13c016247b3;Ziekenwagen Geel 1;25f5b5aa-77b6-4c6d-b828-b13c01628167;Ambulancier
1afa2d9d-f548-4f9d-ba55-b13c01613d97;Ziekenwagen Geel;e3f630c5-f051-4d50-a8f8-b13c016247b3;Ziekenwagen Geel 1;58850984-55c0-4e45-b2c5-b13c01629db7;Ambulancier C
02b82c5c-ca9b-4f97-b312-b14700a263ec;post Mol;942da8b6-7827-4990-968f-b14700a270e2;Ziekenwagen;fd7958a6-7a88-49f6-8d51-b14700a280a5;Ambulancier
02b82c5c-ca9b-4f97-b312-b14700a263ec;post Mol;942da8b6-7827-4990-968f-b14700a270e2;Ziekenwagen;95a489db-9867-4612-b1e1-b14700a28c12;Ambulancier C
02b82c5c-ca9b-4f97-b312-b14700a263ec;post Mol;4321f1cb-a730-4123-be9d-b14c009e79b3;Ooffr op dienst;51efea0e-b869-4062-b1a9-b14c009e9c6a;Ooffr
04f5669f-267e-4610-98b1-b14c00ab13ba;post Westerlo;2b1e22c2-3269-4f1a-a882-b14c013471d1;Ooffr op dienst;336c46c2-c121-42b4-91dd-b14c0134873f;Ooffr
04f5669f-267e-4610-98b1-b14c00ab13ba;post Westerlo;15c5b3b3-62d7-4a33-8849-b14c00ab293c;Ziekenwagen;99c2f3f5-ef11-4b7f-838b-b159007b6826;Ambulancier
04f5669f-267e-4610-98b1-b14c00ab13ba;post Westerlo;15c5b3b3-62d7-4a33-8849-b14c00ab293c;Ziekenwagen;55e53ced-ffaa-427f-b846-b159007b7ed6;Ambulancier C
02b82c5c-ca9b-4f97-b312-b14700a263ec;post Mol;df2d516c-fae9-4df1-bcc9-b17d00cf00e2;PIT;d9a88e4c-bcc9-4392-9638-b17d00cf4039;Chauffeur PIT
ca044479-a21a-4e8f-b8e6-b21000b9aa58;OVD Oost;1f4cd687-ab4a-41b0-b2b7-b21000bccce8;OVD Oost;829e5f86-5f73-40ee-a752-b21000bd3ba8;OVD Oost
ca044479-a21a-4e8f-b8e6-b21000b9aa58;OVD Oost;1f4cd687-ab4a-41b0-b2b7-b21000bccce8;OVD Oost;f9af93da-214b-4454-8ab9-b21000bef96f;OVD Oost stagiair
c006027f-61b5-497a-a6e8-b21000ba0313;OVD West;35a84a71-da84-45cb-9a07-b21000df4ccf;OVD West;cff80dca-2ff4-4bfc-89c4-b21000e0fec8;OVD West
c006027f-61b5-497a-a6e8-b21000ba0313;OVD West;35a84a71-da84-45cb-9a07-b21000df4ccf;OVD West;2571501c-a01e-4ff5-b441-b21000e16e68;OVD West stagiair
af9b4b12-fd8f-4b72-87b7-b21000eb53a1;officier lokaal Herentals;00ca0436-3057-407a-bbb6-b22400f27315;Officier lokaal Herentals;acefcf21-489e-47b0-84b8-b22400f43cca;Officier Herentals
e0814c5c-5af8-4fae-9a4e-b23f0071b393;post Balen;6899275a-f281-4dd0-b14a-b23f0071c46a;Ziekenwagen;dd17c61b-bb69-4d7b-9e11-b23f0071ec54;Ambulancier
e0814c5c-5af8-4fae-9a4e-b23f0071b393;post Balen;6899275a-f281-4dd0-b14a-b23f0071c46a;Ziekenwagen;3e4b94aa-3039-441b-ac20-b23f0072025a;Ambulancier C
56498abc-8b2c-4dd3-b246-b27c008b945e;post Herentals;2fd1a18b-ce5b-495a-a2db-b27c008bac58;Ziekenwagen;e996eb7b-7d02-45af-8e2e-b27c008bf393;Ambulancier
56498abc-8b2c-4dd3-b246-b27c008b945e;post Herentals;2fd1a18b-ce5b-495a-a2db-b27c008bac58;Ziekenwagen;69dce155-6860-45bb-bd43-b27c008c0c17;Ambulancier C
56498abc-8b2c-4dd3-b246-b27c008b945e;post Herentals;43dbf6b4-2cf8-4b98-9800-b27c008c2836;Ooffr op dienst;0c5d7c3f-f4f0-42c4-aea9-b27c008c5d2d;Oofr
080e40fd-b565-4a5f-af84-b27c008d2ef2;Ooffr Geel;e408c515-a82e-4f0b-af7e-b27c008d3912;Ooffr op dienst;84ff80c3-9290-465b-b3dc-b27c008d60e5;Ooffr
0570b668-c6ae-4200-b7fc-b28300b658ec;PROV DIR CP-OPS;5a110423-1460-4aba-b88c-b28300b83bb3;Prov Dir CP-OPS;013bd8a1-70df-4008-938a-b28300b8783b;Prov DIR CP-OPS
7d9ddf41-f036-422a-bf4c-b3630090d224;zz Burgemeester Geel;3f838468-a26f-415b-827a-b3630090e3cd;Geel;52fe28d7-6f8c-406f-bd72-b3630091950b;Burgemeester
7d9ddf41-f036-422a-bf4c-b3630090d224;zz Burgemeester Geel;3f838468-a26f-415b-827a-b3630090e3cd;Geel;33cb29c9-f5ce-4b4a-b41f-b3630092578a;NPC
7d9ddf41-f036-422a-bf4c-b3630090d224;zz Burgemeester Geel;3f838468-a26f-415b-827a-b3630090e3cd;Geel;eace955c-ca5d-4f2c-a2a4-b363009272c6;Fotograaf
7d9ddf41-f036-422a-bf4c-b3630090d224;zz Burgemeester Geel;3f838468-a26f-415b-827a-b3630090e3cd;Geel;c5332b9e-b05f-4d56-95b2-b36300928200;Vrij
cdec3282-4417-480f-8b75-b36300936680;zz Burgemeester Mol;18fc0767-784a-4383-9eeb-b363009370a7;Mol;317423ff-9bf3-467a-9fff-b36300938280;Burgemeester
cdec3282-4417-480f-8b75-b36300936680;zz Burgemeester Mol;18fc0767-784a-4383-9eeb-b363009370a7;Mol;3c2b3dcc-d5f9-41bd-994b-b363009391cf;NPC
cdec3282-4417-480f-8b75-b36300936680;zz Burgemeester Mol;18fc0767-784a-4383-9eeb-b363009370a7;Mol;20724b06-00ec-4627-b4af-b3630093a39a;Fotograaf
cdec3282-4417-480f-8b75-b36300936680;zz Burgemeester Mol;18fc0767-784a-4383-9eeb-b363009370a7;Mol;fa6ce573-6250-4294-a7be-b3630093b209;Vrij
35454eef-6e9b-417c-8c68-b363009468f2;Burgemeester Balen;bac52329-d27e-4ae3-8841-b363009538ff;zz burgemeester Balen;f612ecdc-e629-40bc-a562-b36300954aed;Burgemeester
35454eef-6e9b-417c-8c68-b363009468f2;Burgemeester Balen;bac52329-d27e-4ae3-8841-b363009538ff;zz burgemeester Balen;5e982d23-f87c-43f1-8cd2-b36300955eb1;NPC
35454eef-6e9b-417c-8c68-b363009468f2;Burgemeester Balen;bac52329-d27e-4ae3-8841-b363009538ff;zz burgemeester Balen;81364391-7b65-40e8-abb8-b36300957361;Fotograaf
35454eef-6e9b-417c-8c68-b363009468f2;Burgemeester Balen;bac52329-d27e-4ae3-8841-b363009538ff;zz burgemeester Balen;03170e8d-6101-401d-a484-b36300958221;Vrij
